{"cameraMode":{"drawMode":0,"name":"Shaded","section":"Shading Mode"},"sceneLighting":true,"audioPlay":false,"sceneViewState":{"showFog":true,"showMaterialUpdate":false,"showSkybox":true,"showFlares":true,"showImageEffects":true,"showParticleSystems":true},"in2DMode":false,"pivot":{"x":18.947460174560548,"y":-5.621541976928711,"z":19.720243453979493},"rotation":{"x":0.1911841779947281,"y":0.551880955696106,"z":-0.13173320889472962,"w":0.8009687066078186},"size":22.064809799194337,"orthographic":false}